Model,CPU_Time(s),CPU_Usage(%),CPU_Energy(W)
Random Forest LocLat,13.591986656188965,49.1,1.8470260056139094
Random Forest LocLong,14.328174352645874,39.3,0.5962501873465698
